Year,URL
1901,https://www.baseball-almanac.com/yearly/yr1901a.shtml
1902,https://www.baseball-almanac.com/yearly/yr1902a.shtml
1903,https://www.baseball-almanac.com/yearly/yr1903a.shtml
1904,https://www.baseball-almanac.com/yearly/yr1904a.shtml
1905,https://www.baseball-almanac.com/yearly/yr1905a.shtml
1906,https://www.baseball-almanac.com/yearly/yr1906a.shtml
1907,https://www.baseball-almanac.com/yearly/yr1907a.shtml
1908,https://www.baseball-almanac.com/yearly/yr1908a.shtml
1909,https://www.baseball-almanac.com/yearly/yr1909a.shtml
1910,https://www.baseball-almanac.com/yearly/yr1910a.shtml
1911,https://www.baseball-almanac.com/yearly/yr1911a.shtml
1912,https://www.baseball-almanac.com/yearly/yr1912a.shtml
1913,https://www.baseball-almanac.com/yearly/yr1913a.shtml
1914,https://www.baseball-almanac.com/yearly/yr1914a.shtml
1915,https://www.baseball-almanac.com/yearly/yr1915a.shtml
1916,https://www.baseball-almanac.com/yearly/yr1916a.shtml
1917,https://www.baseball-almanac.com/yearly/yr1917a.shtml
1918,https://www.baseball-almanac.com/yearly/yr1918a.shtml
1919,https://www.baseball-almanac.com/yearly/yr1919a.shtml
1920,https://www.baseball-almanac.com/yearly/yr1920a.shtml
1921,https://www.baseball-almanac.com/yearly/yr1921a.shtml
1922,https://www.baseball-almanac.com/yearly/yr1922a.shtml
1923,https://www.baseball-almanac.com/yearly/yr1923a.shtml
1924,https://www.baseball-almanac.com/yearly/yr1924a.shtml
1925,https://www.baseball-almanac.com/yearly/yr1925a.shtml
1926,https://www.baseball-almanac.com/yearly/yr1926a.shtml
1927,https://www.baseball-almanac.com/yearly/yr1927a.shtml
1928,https://www.baseball-almanac.com/yearly/yr1928a.shtml
1929,https://www.baseball-almanac.com/yearly/yr1929a.shtml
1930,https://www.baseball-almanac.com/yearly/yr1930a.shtml
1931,https://www.baseball-almanac.com/yearly/yr1931a.shtml
1932,https://www.baseball-almanac.com/yearly/yr1932a.shtml
1933,https://www.baseball-almanac.com/yearly/yr1933a.shtml
1934,https://www.baseball-almanac.com/yearly/yr1934a.shtml
1935,https://www.baseball-almanac.com/yearly/yr1935a.shtml
1936,https://www.baseball-almanac.com/yearly/yr1936a.shtml
1937,https://www.baseball-almanac.com/yearly/yr1937a.shtml
1938,https://www.baseball-almanac.com/yearly/yr1938a.shtml
1939,https://www.baseball-almanac.com/yearly/yr1939a.shtml
1940,https://www.baseball-almanac.com/yearly/yr1940a.shtml
1941,https://www.baseball-almanac.com/yearly/yr1941a.shtml
1942,https://www.baseball-almanac.com/yearly/yr1942a.shtml
1943,https://www.baseball-almanac.com/yearly/yr1943a.shtml
1944,https://www.baseball-almanac.com/yearly/yr1944a.shtml
1945,https://www.baseball-almanac.com/yearly/yr1945a.shtml
1946,https://www.baseball-almanac.com/yearly/yr1946a.shtml
1947,https://www.baseball-almanac.com/yearly/yr1947a.shtml
1948,https://www.baseball-almanac.com/yearly/yr1948a.shtml
1949,https://www.baseball-almanac.com/yearly/yr1949a.shtml
1950,https://www.baseball-almanac.com/yearly/yr1950a.shtml
1951,https://www.baseball-almanac.com/yearly/yr1951a.shtml
1952,https://www.baseball-almanac.com/yearly/yr1952a.shtml
1953,https://www.baseball-almanac.com/yearly/yr1953a.shtml
1954,https://www.baseball-almanac.com/yearly/yr1954a.shtml
1955,https://www.baseball-almanac.com/yearly/yr1955a.shtml
1956,https://www.baseball-almanac.com/yearly/yr1956a.shtml
1957,https://www.baseball-almanac.com/yearly/yr1957a.shtml
1958,https://www.baseball-almanac.com/yearly/yr1958a.shtml
1959,https://www.baseball-almanac.com/yearly/yr1959a.shtml
1960,https://www.baseball-almanac.com/yearly/yr1960a.shtml
1961,https://www.baseball-almanac.com/yearly/yr1961a.shtml
1962,https://www.baseball-almanac.com/yearly/yr1962a.shtml
1963,https://www.baseball-almanac.com/yearly/yr1963a.shtml
1964,https://www.baseball-almanac.com/yearly/yr1964a.shtml
1965,https://www.baseball-almanac.com/yearly/yr1965a.shtml
1966,https://www.baseball-almanac.com/yearly/yr1966a.shtml
1967,https://www.baseball-almanac.com/yearly/yr1967a.shtml
1968,https://www.baseball-almanac.com/yearly/yr1968a.shtml
1969,https://www.baseball-almanac.com/yearly/yr1969a.shtml
1970,https://www.baseball-almanac.com/yearly/yr1970a.shtml
1971,https://www.baseball-almanac.com/yearly/yr1971a.shtml
1972,https://www.baseball-almanac.com/yearly/yr1972a.shtml
1973,https://www.baseball-almanac.com/yearly/yr1973a.shtml
1974,https://www.baseball-almanac.com/yearly/yr1974a.shtml
1975,https://www.baseball-almanac.com/yearly/yr1975a.shtml
1976,https://www.baseball-almanac.com/yearly/yr1976a.shtml
1977,https://www.baseball-almanac.com/yearly/yr1977a.shtml
1978,https://www.baseball-almanac.com/yearly/yr1978a.shtml
1979,https://www.baseball-almanac.com/yearly/yr1979a.shtml
1980,https://www.baseball-almanac.com/yearly/yr1980a.shtml
1981,https://www.baseball-almanac.com/yearly/yr1981a.shtml
1982,https://www.baseball-almanac.com/yearly/yr1982a.shtml
1983,https://www.baseball-almanac.com/yearly/yr1983a.shtml
1984,https://www.baseball-almanac.com/yearly/yr1984a.shtml
1985,https://www.baseball-almanac.com/yearly/yr1985a.shtml
1986,https://www.baseball-almanac.com/yearly/yr1986a.shtml
1987,https://www.baseball-almanac.com/yearly/yr1987a.shtml
1988,https://www.baseball-almanac.com/yearly/yr1988a.shtml
1989,https://www.baseball-almanac.com/yearly/yr1989a.shtml
1990,https://www.baseball-almanac.com/yearly/yr1990a.shtml
1991,https://www.baseball-almanac.com/yearly/yr1991a.shtml
1992,https://www.baseball-almanac.com/yearly/yr1992a.shtml
1993,https://www.baseball-almanac.com/yearly/yr1993a.shtml
1994,https://www.baseball-almanac.com/yearly/yr1994a.shtml
1995,https://www.baseball-almanac.com/yearly/yr1995a.shtml
1996,https://www.baseball-almanac.com/yearly/yr1996a.shtml
1997,https://www.baseball-almanac.com/yearly/yr1997a.shtml
1998,https://www.baseball-almanac.com/yearly/yr1998a.shtml
1999,https://www.baseball-almanac.com/yearly/yr1999a.shtml
2000,https://www.baseball-almanac.com/yearly/yr2000a.shtml
2001,https://www.baseball-almanac.com/yearly/yr2001a.shtml
2002,https://www.baseball-almanac.com/yearly/yr2002a.shtml
2003,https://www.baseball-almanac.com/yearly/yr2003a.shtml
2004,https://www.baseball-almanac.com/yearly/yr2004a.shtml
2005,https://www.baseball-almanac.com/yearly/yr2005a.shtml
2006,https://www.baseball-almanac.com/yearly/yr2006a.shtml
2007,https://www.baseball-almanac.com/yearly/yr2007a.shtml
2008,https://www.baseball-almanac.com/yearly/yr2008a.shtml
2009,https://www.baseball-almanac.com/yearly/yr2009a.shtml
2010,https://www.baseball-almanac.com/yearly/yr2010a.shtml
2011,https://www.baseball-almanac.com/yearly/yr2011a.shtml
2012,https://www.baseball-almanac.com/yearly/yr2012a.shtml
2013,https://www.baseball-almanac.com/yearly/yr2013a.shtml
2014,https://www.baseball-almanac.com/yearly/yr2014a.shtml
2015,https://www.baseball-almanac.com/yearly/yr2015a.shtml
2016,https://www.baseball-almanac.com/yearly/yr2016a.shtml
2017,https://www.baseball-almanac.com/yearly/yr2017a.shtml
2018,https://www.baseball-almanac.com/yearly/yr2018a.shtml
2019,https://www.baseball-almanac.com/yearly/yr2019a.shtml
2020,https://www.baseball-almanac.com/yearly/yr2020a.shtml
2021,https://www.baseball-almanac.com/yearly/yr2021a.shtml
2022,https://www.baseball-almanac.com/yearly/yr2022a.shtml
2023,https://www.baseball-almanac.com/yearly/yr2023a.shtml
2024,https://www.baseball-almanac.com/yearly/yr2024a.shtml
2025,https://www.baseball-almanac.com/yearly/yr2025a.shtml
